Date	MoE	Obama (D)	Poll	Romney (R)	Sample	Spread	State
9/7 - 9/26	--	53.8	RCP Average	38.5	--	Obama +15.3	WA
9/26 - 9/26	4.5	52.0	Rasmussen Reports	41.0	500 LV	Obama +11	WA
9/21 - 9/22	4.6	56.0	Gravis Marketing	39.0	625 LV	Obama +17	WA
9/9 - 9/12	5.0	53.0	Elway Poll	36.0	405 RV	Obama +17	WA
9/7 - 9/9	4.4	54.0	SurveyUSA	38.0	524 LV	Obama +16	WA
8/1 - 8/2	4.4	54.0	SurveyUSA	37.0	524 LV	Obama +17	WA
7/16 - 7/18	4.0	46.0	SurveyUSA	37.0	630 RV	Obama +9	WA
6/14 - 6/17	3.0	54.0	PPP (D)	41.0	1073 RV	Obama +13	WA
6/13 - 6/16	5.0	49.0	Elway Poll	41.0	408 RV	Obama +8	WA
5/22 - 5/24	4.4	51.0	Strategies 360 (D)	40.0	500 LV	Obama +11	WA
5/8 - 5/9	4.2	50.0	SurveyUSA	36.0	557 RV	Obama +14	WA
2/16 - 2/19	2.8	53.0	PPP (D)	38.0	1264 RV	Obama +15	WA
2/13 - 2/15	4.2	50.0	SurveyUSA	39.0	572 RV	Obama +11	WA
2/7 - 2/9	5.0	49.0	Elway Poll	38.0	405 RV	Obama +11	WA
11/21 - 11/23	4.3	49.0	SurveyUSA	41.0	549 LV	Obama +8	WA
10/10 - 10/30	4.5	50.0	The Washington Poll	41.0	469 RV	Obama +9	WA
9/11 - 9/14	4.4	49.0	Strategies 360 (D)	40.0	500 LV	Obama +9	WA
5/12 - 5/15	3.0	51.0	PPP (D)	40.0	1098 RV	Obama +11	WA
9/16 - 9/23	--	51.0	RCP Average	44.3	--	Obama +6.7	WI
9/20 - 9/23	2.8	53.0	WeAskAmerica	41.0	1238 LV	Obama +12	WI
9/18 - 9/19	3.4	52.0	PPP (D)	45.0	842 LV	Obama +7	WI
9/17 - 9/17	4.5	49.0	Rasmussen Reports	46.0	500 LV	Obama +3	WI
9/16 - 9/18	3.2	50.0	NBC/WSJ/Marist	45.0	968 LV	Obama +5	WI
9/13 - 9/16	4.1	54.0	Marquette University	40.0	601 LV	Obama +14	WI
9/11 - 9/17	3.0	51.0	CBS/NYT/Quinnipiac	45.0	1485 LV	Obama +6	WI
8/15 - 8/21	3.0	49.0	CBS/NYT/Quinnipiac	47.0	1190 LV	Obama +2	WI
8/16 - 8/19	4.2	49.0	Marquette University	46.0	576 LV	Obama +3	WI
8/16 - 8/19	2.7	47.0	PPP (D)	48.0	1308 LV	Romney +1	WI
8/15 - 8/15	4.5	47.0	Rasmussen Reports	48.0	500 LV	Romney +1	WI
8/13 - 8/14	3.0	49.0	CNN/Opinion Research	45.0	920 RV	Obama +4	WI
7/31 - 8/6	3.0	51.0	CBS/NYT/Quinnipiac	45.0	1428 LV	Obama +6	WI
8/2 - 8/5	2.9	50.0	Marquette University	45.0	1188 LV	Obama +5	WI
7/25 - 7/25	4.5	49.0	Rasmussen Reports	46.0	500 LV	Obama +3	WI
7/17 - 7/18	2.9	49.0	WeAskAmerica	42.0	1162 LV	Obama +7	WI
7/5 - 7/8	3.5	51.0	Marquette University	43.0	810 LV	Obama +8	WI
7/5 - 7/8	3.3	50.0	PPP (D)	44.0	1057 RV	Obama +6	WI
6/13 - 6/16	4.1	49.0	Marquette University	43.0	594 LV	Obama +6	WI
6/12 - 6/12	4.5	44.0	Rasmussen Reports	47.0	500 LV	Romney +3	WI
6/6 - 6/6	2.8	48.0	WeAskAmerica	43.0	1270 LV	Obama +5	WI
5/23 - 5/26	4.1	51.0	Marquette University	43.0	600 LV	Obama +8	WI
5/17 - 5/22	5.0	49.0	WPR/St. Norbert	43.0	406 LV	Obama +6	WI
5/11 - 5/13	--	47.0	Daily Kos/PPP (D)	46.0	LV	Obama +1	WI
5/9 - 5/12	4.1	46.0	Marquette University	46.0	600 LV	Tie	WI
5/9 - 5/9	4.5	49.0	Rasmussen Reports	45.0	500 LV	Obama +4	WI
4/26 - 4/29	3.8	51.0	Marquette University	42.0	705 RV	Obama +9	WI
4/13 - 4/15	2.9	50.0	Daily Kos/PPP (D)	44.0	1136 LV	Obama +6	WI
3/27 - 3/27	4.5	52.0	Rasmussen Reports	41.0	500 LV	Obama +11	WI
3/26 - 3/27	2.6	52.0	NBC News/Marist	35.0	1391 RV	Obama +17	WI
3/22 - 3/25	3.8	48.0	Marquette University	43.0	707 RV	Obama +5	WI
2/27 - 2/27	4.5	47.0	Rasmussen Reports	42.0	500 LV	Obama +5	WI
2/23 - 2/26	3.3	53.0	PPP (D)	39.0	900 RV	Obama +14	WI
2/16 - 2/19	3.7	53.0	Marquette University	38.0	716 RV	Obama +15	WI
1/19 - 1/22	3.8	48.0	Marquette University	40.0	701 RV	Obama +8	WI
10/26 - 10/26	4.5	45.0	Rasmussen Reports	41.0	500 LV	Obama +4	WI
10/23 - 10/26	4.0	46.0	WPRI	35.0	605 A	Obama +11	WI
10/20 - 10/23	2.9	46.0	PPP (D)	43.0	1170 RV	Obama +3	WI
8/19 - 8/21	3.4	47.0	PPP (D)	42.0	830 RV	Obama +5	WI
5/19 - 5/22	2.4	51.0	PPP (D)	39.0	1636 RV	Obama +12	WI
2/24 - 2/27	3.5	48.0	PPP (D)	38.0	768 RV	Obama +10	WI
12/10 - 12/12	3.7	46.0	PPP (D)	42.0	702 RV	Obama +4	WI
9/30 - 10/2	3.2	33.0	PPP (D)	54.0	932 LV	Romney +21	WV
9/1 - 9/4	3.7	37.0	PPP (D)	49.0	708 LV	Romney +12	WV
1/20 - 1/23	2.9	37.0	PPP (D)	50.0	1105 RV	Romney +13	WV
9/19 - 9/30	--	49.0	RCP Average	46.0	--	Obama +3.0	FL
9/27 - 9/30	4.0	46.0	Suffolk/WSVN	43.0	600 LV	Obama +3	FL
9/29 - 9/30	3.4	49.0	Gravis Marketing	48.0	914 LV	Obama +1	FL
9/24 - 9/24	4.1	49.0	Florida Times-Union/InAdv	46.0	540 LV	Obama +3	FL
9/20 - 9/23	3.3	50.0	PPP (D)	46.0	861 LV	Obama +4	FL
9/19 - 9/23	4.5	51.0	Washington Post	47.0	769 LV	Obama +4	FL
9/20 - 9/22	4.0	50.0	ARG	45.0	600 LV	Obama +5	FL
9/18 - 9/24	3.0	53.0	CBS/NYT/Quinnipiac	44.0	1162 LV	Obama +9	FL
9/17 - 9/19	3.5	48.0	Miami Herald/Mason-Dixon	47.0	800 LV	Obama +1	FL
9/15 - 9/19	4.0	47.0	Purple Strategies	48.0	600 LV	Romney +1	FL
9/18 - 9/18	2.8	49.0	WeAskAmerica	46.0	1230 LV	Obama +3	FL
9/16 - 9/18	3.0	49.0	FOX News	44.0	829 LV	Obama +5	FL
9/15 - 9/16	2.5	47.0	Gravis Marketing	48.0	1728 LV	Romney +1	FL
9/12 - 9/12	4.5	48.0	Rasmussen Reports	46.0	500 LV	Obama +2	FL
9/11 - 9/12	4.0	44.0	Caddell/McLaughlin/SAN (R)	48.0	600 LV	Romney +4	FL
9/9 - 9/11	3.1	49.0	NBC/WSJ/Marist	44.0	980 LV	Obama +5	FL
9/9 - 9/10	4.0	47.0	AIF/McLaughlin (R)	50.0	600 LV	Romney +3	FL
9/7 - 9/9	4.1	48.0	SurveyUSA	44.0	596 LV	Obama +4	FL
9/2 - 9/2	2.7	47.0	Gravis Marketing	48.0	1288 LV	Romney +1	FL
8/31 - 9/2	2.5	48.0	PPP (D)	47.0	1548 LV	Obama +1	FL
8/22 - 8/26	3.0	50.0	CNN/Time	46.0	776 LV	Obama +4	FL
8/20 - 8/20	3.8	46.0	Gravis Marketing	50.0	728 LV	Romney +4	FL
8/15 - 8/21	3.0	49.0	CBS/NYT/Quinnipiac	46.0	1241 LV	Obama +3	FL
8/15 - 8/15	4.5	43.0	Rasmussen Reports	45.0	500 LV	Romney +2	FL
8/13 - 8/14	4.0	47.0	Purple Strategies	48.0	600 LV	Romney +1	FL
7/24 - 7/30	3.0	51.0	CBS/NYT/Quinnipiac	45.0	1177 LV	Obama +6	FL
7/26 - 7/29	3.3	48.0	PPP (D)	47.0	871 LV	Obama +1	FL
7/17 - 7/19	3.9	48.0	SurveyUSA	43.0	647 LV	Obama +5	FL
7/9 - 7/13	4.0	45.0	Purple Strategies	48.0	600 LV	Romney +3	FL
7/9 - 7/11	3.5	46.0	Mason-Dixon*	45.0	800 LV	Obama +1	FL
7/9 - 7/9	4.5	45.0	Rasmussen Reports	46.0	500 LV	Romney +1	FL
7/1 - 7/2	2.9	46.0	WeAskAmerica	45.0	1127 LV	Obama +1	FL
6/19 - 6/25	2.8	45.0	Quinnipiac	41.0	1200 RV	Obama +4	FL
6/12 - 6/18	2.4	46.0	Quinnipiac	42.0	1697 RV	Obama +4	FL
5/31 - 6/5	4.0	45.0	Purple Strategies	49.0	600 LV	Romney +4	FL
5/31 - 6/3	3.9	50.0	PPP (D)	46.0	642 RV	Obama +4	FL
5/17 - 5/20	3.0	48.0	NBC News/Marist	44.0	1078 RV	Obama +4	FL
5/15 - 5/21	2.4	41.0	Quinnipiac	47.0	1722 RV	Romney +6	FL
5/6 - 5/8	4.0	46.0	Suffolk/WSVN	45.0	600 LV	Obama +1	FL
4/25 - 5/1	2.9	43.0	Quinnipiac	44.0	1169 RV	Romney +1	FL
4/25 - 4/25	4.5	45.0	Rasmussen Reports	46.0	500 LV	Romney +1	FL
4/19 - 4/23	4.1	44.0	Purple Strategies	47.0	600 LV	Romney +3	FL
4/15 - 4/17	4.0	45.0	FOX News	43.0	757 RV	Obama +2	FL
4/12 - 4/15	3.7	50.0	PPP (D)	45.0	700 RV	Obama +5	FL
3/20 - 3/26	2.8	49.0	Quinnipiac	42.0	1228 RV	Obama +7	FL
3/13 - 3/13	4.5	46.0	Rasmussen Reports	43.0	500 LV	Obama +3	FL
2/9 - 2/9	4.5	47.0	Rasmussen Reports	44.0	500 LV	Obama +3	FL
1/25 - 1/27	2.6	49.0	NBC News/Marist	41.0	1379 RV	Obama +8	FL
1/24 - 1/26	3.5	44.0	Miami Herald/Mason-Dixon	48.0	800 LV	Romney +4	FL
1/22 - 1/24	4.0	42.0	Suffolk/WSVN	47.0	600 LV	Romney +5	FL
1/19 - 1/23	2.5	45.0	Quinnipiac	45.0	1518 RV	Tie	FL
1/4 - 1/8	2.6	43.0	Quinnipiac	46.0	1412 RV	Romney +3	FL
12/4 - 12/7	2.1	48.0	NBC News/Marist	41.0	2119 RV	Obama +7	FL
11/28 - 12/5	2.8	42.0	Quinnipiac	45.0	1226 RV	Romney +3	FL
11/28 - 12/1	3.7	45.0	PPP (D)	44.0	700 RV	Obama +1	FL
11/17 - 11/17	4.5	42.0	Rasmussen Reports	46.0	500 LV	Romney +4	FL
10/31 - 11/7	2.9	42.0	Quinnipiac	45.0	1185 RV	Romney +3	FL
10/26 - 10/30	3.5	42.0	Suffolk University	42.0	800 RV	Tie	FL
10/10 - 10/12	2.1	45.0	NBC News/Marist	43.0	2225 RV	Obama +2	FL
9/22 - 9/25	4.5	46.0	PPP (D)	45.0	476 RV	Obama +1	FL
9/14 - 9/19	3.1	40.0	Quinnipiac	47.0	1007 RV	Romney +7	FL
8/18 - 8/22	4.0	43.0	Mason-Dixon	51.0	625 RV	Romney +8	FL
8/16 - 8/18	3.6	39.0	Magellan Strategies (R)	49.0	723 LV	Romney +10	FL
8/8 - 8/9	4.0	44.0	AIF/McLaughlin (R)	45.0	600 LV	Romney +1	FL
8/1 - 8/2	3.6	44.0	Quinnipiac	44.0	743 RV	Tie	FL
7/27 - 7/31	3.8	46.0	Quinnipiac	41.0	674 RV	Obama +5	FL
7/5 - 7/7	3.1	42.0	Sunshine State News/VSS	46.0	1000 LV	Romney +4	FL
6/16 - 6/19	3.4	47.0	PPP (D)	43.0	848 RV	Obama +4	FL
4/10 - 4/12	4.0	42.0	Suffolk University	43.0	600 RV	Romney +1	FL
4/4 - 4/7	3.5	43.0	Mason-Dixon	48.0	800 RV	Romney +5	FL
3/24 - 3/27	4.4	46.0	PPP (D)	44.0	500 RV	Obama +2	FL
12/17 - 12/20	3.0	46.0	PPP (D)	44.0	1034 RV	Obama +2	FL
9/18 - 9/30	--	50.0	RCP Average	44.0	--	Obama +6.0	NH
9/27 - 9/30	4.0	54.0	WMUR/UNH	39.0	600 LV	Obama +15	NH
9/25 - 9/27	4.0	50.0	ARG	45.0	600 LV	Obama +5	NH
9/23 - 9/25	3.1	51.0	NBC/WSJ/Marist	44.0	1012 LV	Obama +7	NH
9/18 - 9/18	4.5	45.0	Rasmussen Reports	48.0	500 LV	Romney +3	NH
9/15 - 9/17	4.5	48.0	ARG	47.0	463 LV	Obama +1	NH
9/4 - 9/10	4.0	45.0	WMUR/UNH	40.0	592 LV	Obama +5	NH
8/9 - 8/12	3.0	51.0	PPP (D)	45.0	1055 LV	Obama +6	NH
8/1 - 8/12	4.2	49.0	WMUR/UNH	46.0	555 LV	Obama +3	NH
7/5 - 7/15	4.5	49.0	WMUR/UNH	45.0	470 LV	Obama +4	NH
6/24 - 6/25	3.1	45.0	NBC News/Marist	45.0	1029 RV	Tie	NH
6/21 - 6/24	4.2	49.0	ARG	46.0	417 LV	Obama +3	NH
6/20 - 6/20	4.5	48.0	Rasmussen Reports	43.0	500 LV	Obama +5	NH
5/10 - 5/13	2.9	53.0	PPP (D)	41.0	1163 RV	Obama +12	NH
4/9 - 4/20	4.4	51.0	WMUR/UNH	42.0	486 LV	Obama +9	NH
4/2 - 4/5	4.9	42.0	Dartmouth	44.0	403 RV	Romney +2	NH
3/15 - 3/18	4.2	48.0	ARG	41.0	557 RV	Obama +7	NH
1/25 - 2/2	4.4	50.0	WMUR/UNH	40.0	495 LV	Obama +10	NH
11/28 - 11/30	2.9	43.0	NBC News/Marist	46.0	1116 RV	Romney +3	NH
11/15 - 11/20	4.0	44.0	WMUR/UNH	47.0	606 LV	Romney +3	NH
11/10 - 11/11	5.5	40.0	Bloomberg News	50.0	324 LV	Romney +10	NH
10/3 - 10/5	2.1	40.0	NBC News/Marist	49.0	2218 RV	Romney +9	NH
10/2 - 10/6	4.0	41.0	Mason-Dixon	52.0	600 LV	Romney +11	NH
9/26 - 10/6	4.1	42.0	WMUR/UNH	50.0	559 LV	Romney +8	NH
6/30 - 7/5	3.8	44.0	PPP (D)	46.0	662 RV	Romney +2	NH
6/21 - 7/1	3.5	43.0	WMUR/UNH	47.0	729 LV	Romney +4	NH
4/15 - 4/26	4.4	43.0	WMUR/UNH	50.0	471 LV	Romney +7	NH
4/11 - 4/14	4.8	39.0	Dartmouth	47.0	426 RV	Romney +8	NH
3/31 - 4/3	3.5	47.0	PPP (D)	46.0	769 RV	Obama +1	NH
2/9 - 2/10	3.5	48.0	Magellan Strategies (R)	44.0	789 LV	Obama +4	NH
1/28 - 2/7	3.5	41.0	WMUR/UNH	49.0	757 A	Romney +8	NH
9/4 - 9/18	--	46.0	RCP Average	45.0	--	Obama +1.0	NH
8/23 - 9/23	--	51.4	RCP Average	38.6	--	Obama +12.8	NJ
9/19 - 9/23	4.0	52.0	Monmouth University	37.0	613 LV	Obama +15	NJ
9/9 - 9/12	4.0	51.0	Philadelphia Inquirer	37.0	600 LV	Obama +14	NJ
9/6 - 9/12	3.8	52.0	Fairleigh Dickinson	38.0	706 LV	Obama +14	NJ
8/27 - 9/2	2.6	51.0	Quinnipiac	44.0	1471 LV	Obama +7	NJ
8/23 - 8/25	3.5	51.0	Rutgers-Eagleton	37.0	710 LV	Obama +14	NJ
7/23 - 7/29	3.5	49.0	Fairleigh Dickinson	36.0	849 RV	Obama +13	NJ
7/18 - 7/22	4.2	50.0	Monmouth University	42.0	535 LV	Obama +8	NJ
7/9 - 7/15	2.4	49.0	Quinnipiac	38.0	1623 RV	Obama +11	NJ
5/31 - 6/4	2.9	56.0	Rutgers-Eagleton	33.0	1065 RV	Obama +23	NJ
5/9 - 5/14	2.5	49.0	Quinnipiac	39.0	1582 RV	Obama +10	NJ
4/3 - 4/9	2.4	49.0	Quinnipiac	40.0	1607 RV	Obama +9	NJ
3/5 - 3/11	3.5	50.0	Fairleigh Dickinson	37.0	800 RV	Obama +13	NJ
2/24 - 2/26	4.3	52.0	SurveyUSA	38.0	533 RV	Obama +14	NJ
2/21 - 2/27	2.6	49.0	Quinnipiac	39.0	1396 RV	Obama +10	NJ
1/10 - 1/16	2.6	48.0	Quinnipiac	38.0	1460 RV	Obama +10	NJ
11/9 - 11/14	2.3	49.0	Quinnipiac	40.0	1788 RV	Obama +9	NJ
10/5 - 10/10	2.9	47.0	Quinnipiac	41.0	1186 RV	Obama +6	NJ
7/15 - 7/18	4.5	53.0	PPP (D)	39.0	480 RV	Obama +14	NJ
5/26 - 5/26	4.5	49.0	Rasmussen Reports	43.0	500 LV	Obama +6	NJ
1/6 - 1/9	4.3	52.0	PPP (D)	37.0	520 RV	Obama +15	NJ
9/3 - 9/27	--	50.0	RCP Average	40.8	--	Obama +9.2	NM
9/27 - 9/27	4.5	51.0	Rasmussen Reports	40.0	500 LV	Obama +11	NM
9/25 - 9/27	2.9	51.0	WeAskAmerica*	41.0	1258 LV	Obama +10	NM
9/7 - 9/9	2.9	53.0	PPP (D)	42.0	1122 LV	Obama +11	NM
9/3 - 9/6	3.8	45.0	Albuquerque Journal*	40.0	667 LV	Obama +5	NM
8/21 - 8/21	4.5	52.0	Rasmussen Reports	38.0	500 LV	Obama +14	NM
7/13 - 7/16	3.6	49.0	PPP (D)	44.0	724 RV	Obama +5	NM
7/9 - 7/10	2.8	51.0	WeAskAmerica	40.0	1295 LV	Obama +11	NM
4/19 - 4/22	4.3	54.0	PPP (D)	40.0	526 RV	Obama +14	NM
4/3 - 4/3	4.5	52.0	Rasmussen Reports	36.0	500 LV	Obama +16	NM
2/14 - 2/14	4.5	55.0	Rasmussen Reports	36.0	500 LV	Obama +19	NM
12/10 - 12/12	4.4	53.0	PPP (D)	38.0	500 RV	Obama +15	NM
6/23 - 6/26	3.6	49.0	PPP (D)	42.0	732 RV	Obama +7	NM
2/4 - 2/6	4.2	53.0	PPP (D)	37.0	545 RV	Obama +16	NM
9/23 - 10/1	--	47.8	RCP Average	47.8	--	Tie	NC
9/29 - 10/1	4.2	49.0	SurveyUSA	47.0	573 LV	Obama +2	NC
9/28 - 9/30	4.0	46.0	ARG	50.0	600 LV	Romney +4	NC
9/27 - 9/30	3.1	48.0	PPP (D)	48.0	981 LV	Tie	NC
9/23 - 9/25	3.1	48.0	NBC/WSJ/Marist	46.0	1035 LV	Obama +2	NC
9/18 - 9/19	4.0	49.0	Civitas (R)	45.0	600 LV	Obama +4	NC
9/15 - 9/19	4.0	48.0	Purple Strategies	46.0	600 LV	Obama +2	NC
9/13 - 9/13	4.5	45.0	Rasmussen Reports	51.0	500 LV	Romney +6	NC
9/8 - 9/18	4.7	48.0	High Point	44.0	448 RV	Obama +4	NC
9/7 - 9/9	3.0	49.0	PPP (D)	48.0	1087 LV	Obama +1	NC
9/4 - 9/6	4.5	43.0	SurveyUSA/Civitas (R)	53.0	500 RV	Romney +10	NC
8/31 - 9/2	3.1	48.0	PPP (D)	48.0	1012 LV	Tie	NC
8/25 - 8/30	3.0	43.0	Elon Univ./Charlotte Observer	47.0	1089 LV	Romney +4	NC
8/26 - 8/30	4.3	43.0	High Point/SurveyUSA	46.0	543 RV	Romney +3	NC
8/22 - 8/26	3.0	47.0	CNN/Time	48.0	766 LV	Romney +1	NC
8/18 - 8/23	4.3	43.0	High Point/SurveyUSA	43.0	540 RV	Tie	NC
8/2 - 8/5	3.4	49.0	PPP (D)	46.0	813 LV	Obama +3	NC
8/1 - 8/1	4.5	44.0	Rasmussen Reports	49.0	500 LV	Romney +5	NC
7/16 - 7/18	4.0	48.0	Civitas (R)	49.0	600 LV	Romney +1	NC
7/5 - 7/8	3.5	47.0	PPP (D)	46.0	775 RV	Obama +1	NC
7/1 - 7/8	4.4	48.0	Project New America/Myers (D)	49.0	500 LV	Romney +1	NC
6/29 - 7/1	4.2	45.0	SurveyUSA/Civitas (R)	50.0	558 RV	Romney +5	NC
6/24 - 6/25	3.1	46.0	NBC News/Marist	44.0	1019 RV	Obama +2	NC
6/25 - 6/25	4.5	44.0	Rasmussen Reports	47.0	500 LV	Romney +3	NC
6/7 - 6/10	3.4	46.0	PPP (D)	48.0	810 RV	Romney +2	NC
5/19 - 5/20	4.0	45.0	Civitas (R)	47.0	600 LV	Romney +2	NC
5/18 - 5/21	4.4	44.0	SurveyUSA	45.0	524 LV	Romney +1	NC
5/14 - 5/14	4.5	43.0	Rasmussen Reports	51.0	500 LV	Romney +8	NC
5/10 - 5/13	3.8	48.0	PPP (D)	47.0	666 RV	Obama +1	NC
4/26 - 4/30	2.5	47.0	SurveyUSA	43.0	1636 RV	Obama +4	NC
4/10 - 4/10	4.5	44.0	Rasmussen Reports	46.0	500 LV	Romney +2	NC
4/4 - 4/7	3.1	49.0	PPP (D)	44.0	975 RV	Obama +5	NC
3/8 - 3/11	3.5	49.0	PPP (D)	46.0	804 RV	Obama +3	NC
2/27 - 2/28	4.0	48.0	Civitas (R)	46.0	600 RV	Obama +2	NC
2/3 - 2/5	3.0	47.0	PPP (D)	46.0	1052 RV	Obama +1	NC
1/9 - 1/11	4.0	39.0	Civitas (R)	48.0	300 LV	Romney +9	NC
1/5 - 1/8	3.5	46.0	PPP (D)	45.0	780 RV	Obama +1	NC
12/1 - 12/4	3.3	46.0	PPP (D)	46.0	865 RV	Tie	NC
10/27 - 10/31	4.0	45.0	PPP (D)	46.0	615 RV	Romney +1	NC
9/30 - 10/3	3.6	46.0	PPP (D)	45.0	760 RV	Obama +1	NC
9/22 - 9/25	4.0	39.0	Civitas (R)	50.0	600 LV	Romney +11	NC
9/7 - 9/8	3.2	45.0	Magellan Strategies (R)	43.0	923 LV	Obama +2	NC
9/1 - 9/4	4.3	45.0	PPP (D)	44.0	520 RV	Obama +1	NC
8/4 - 8/7	3.5	46.0	PPP (D)	43.0	780 RV	Obama +3	NC
7/7 - 7/10	3.8	45.0	PPP (D)	45.0	651 RV	Tie	NC
6/8 - 6/11	4.1	45.0	PPP (D)	44.0	563 RV	Obama +1	NC
5/12 - 5/15	3.4	46.0	PPP (D)	43.0	835 RV	Obama +3	NC
4/14 - 4/17	4.4	47.0	PPP (D)	44.0	507 RV	Obama +3	NC
3/17 - 3/20	4.1	44.0	PPP (D)	42.0	584 RV	Obama +2	NC
2/16 - 2/21	3.8	47.0	PPP (D)	44.0	650 RV	Obama +3	NC
1/20 - 1/23	4.1	47.0	PPP (D)	44.0	575 RV	Obama +3	NC
12/17 - 12/19	4.3	46.0	PPP (D)	43.0	520 RV	Obama +3	NC
11/19 - 11/21	4.3	44.0	PPP (D)	44.0	517 RV	Tie	NC
7/10 - 7/11	5.0	36.0	Rasmussen Reports	51.0	400 LV	Romney +15	ND
6/4 - 6/6	4.0	39.0	Mason-Dixon	52.0	625 LV	Romney +13	ND
9/17 - 9/20	3.8	39.0	Omaha World-Herald	53.0	656 LV	Romney +14	NE
5/16 - 5/16	4.5	39.0	Rasmussen Reports	53.0	500 LV	Romney +14	NE
3/22 - 3/25	3.1	39.0	PPP (D)	51.0	1028 RV	Romney +12	NE
3/5 - 3/5	4.5	35.0	Rasmussen Reports	52.0	500 LV	Romney +17	NE
9/30 - 10/2	3.6	38.0	PPP (D)	51.0	739 RV	Romney +13	NE
1/26 - 1/27	3.1	37.0	PPP (D)	49.0	977 RV	Romney +12	NE
4/10 - 9/9	--	60.3	RCP Average	34.0	--	Obama +26.3	NY
9/4 - 9/9	2.5	62.0	Quinnipiac	34.0	1486 LV	Obama +28	NY
8/14 - 8/19	3.8	62.0	Siena	33.0	671 LV	Obama +29	NY
7/17 - 7/23	2.3	55.0	Quinnipiac	32.0	1779 RV	Obama +23	NY
7/10 - 7/15	3.6	61.0	Siena	34.0	758 RV	Obama +27	NY
6/3 - 6/6	3.4	59.0	Siena	35.0	807 RV	Obama +24	NY
5/22 - 5/28	2.5	56.0	Quinnipiac	31.0	1504 RV	Obama +25	NY
5/6 - 5/10	3.5	57.0	Siena	37.0	766 RV	Obama +20	NY
4/10 - 4/12	4.0	57.0	Marist	35.0	632 RV	Obama +22	NY
4/1 - 4/4	3.4	60.0	Siena	35.0	808 RV	Obama +25	NY
3/28 - 4/2	2.5	56.0	Quinnipiac	33.0	1597 RV	Obama +23	NY
2/26 - 2/29	3.4	60.0	Siena	34.0	808 RV	Obama +26	NY
2/24 - 2/26	4.3	60.0	SurveyUSA	30.0	518 RV	Obama +30	NY
2/8 - 2/13	2.8	52.0	Quinnipiac	35.0	1233 RV	Obama +17	NY
1/29 - 2/1	3.4	63.0	Siena	31.0	807 RV	Obama +32	NY
1/18 - 1/19	6.0	58.0	Marist	35.0	296 RV	Obama +23	NY
11/8 - 11/13	3.5	59.0	Siena	34.0	803 RV	Obama +25	NY
10/25 - 10/27	3.5	59.0	Marist	35.0	855 RV	Obama +24	NY
10/10 - 10/12	3.5	55.0	Siena	37.0	800 RV	Obama +18	NY
9/15 - 9/21	3.4	56.0	Siena	36.0	808 RV	Obama +20	NY
8/9 - 8/14	3.1	55.0	Siena	37.0	1008 RV	Obama +18	NY
9/26 - 9/29	4.4	57.0	WPRI/Fleming	33.0	501 LV	Obama +24	RI
2/16 - 2/22	4.2	54.0	PPP (D)	37.0	544 RV	Obama +17	RI
9/18 - 9/27	--	49.7	RCP Average	44.5	--	Obama +5.2	NV
9/25 - 9/27	3.1	53.0	WeAskAmerica	42.0	1078 LV	Obama +11	NV
9/23 - 9/25	3.1	49.0	NBC/WSJ/Marist	47.0	984 LV	Obama +2	NV
9/20 - 9/23	4.0	51.0	ARG	44.0	600 LV	Obama +7	NV
9/19 - 9/20	4.4	46.0	Retail Assoc. of Nevada/POS (R)	46.0	500 LV	Tie	NV
9/18 - 9/20	4.4	52.0	PPP (D)	43.0	501 LV	Obama +9	NV
9/18 - 9/18	4.5	47.0	Rasmussen Reports	45.0	500 LV	Obama +2	NV
9/14 - 9/18	3.5	49.0	CNN/Opinion Research	46.0	741 LV	Obama +3	NV
8/23 - 8/26	3.4	50.0	PPP (D)	47.0	831 LV	Obama +3	NV
8/16 - 8/21	3.4	47.0	LVRJ/SurveyUSA	45.0	869 LV	Obama +2	NV
7/24 - 7/24	4.5	50.0	Rasmussen Reports	45.0	500 LV	Obama +5	NV
7/17 - 7/18	3.0	49.0	WeAskAmerica*	43.0	1092 LV	Obama +6	NV
7/16 - 7/17	3.8	50.0	AFP/Magellan (R)	46.0	665 LV	Obama +4	NV
6/7 - 6/10	4.4	48.0	PPP (D)	42.0	500 RV	Obama +6	NV
5/22 - 5/24	3.0	48.0	NBC News/Marist	46.0	1040 RV	Obama +2	NV
4/30 - 4/30	4.5	52.0	Rasmussen Reports	44.0	500 LV	Obama +8	NV
3/29 - 4/1	4.2	51.0	PPP (D)	43.0	553 RV	Obama +8	NV
3/19 - 3/19	4.5	50.0	Rasmussen Reports	44.0	500 LV	Obama +6	NV
12/12 - 12/20	4.0	46.0	Las Vegas Review-Journal	40.0	600 RV	Obama +6	NV
10/20 - 10/23	4.4	46.0	PPP (D)	46.0	500 RV	Tie	NV
7/28 - 7/31	4.0	47.0	PPP (D)	46.0	601 RV	Obama +1	NV
4/21 - 4/24	4.4	43.0	PPP (D)	46.0	491 RV	Romney +3	NV
1/3 - 1/5	3.2	47.0	PPP (D)	46.0	932 RV	Obama +1	NV
9/15 - 9/27	--	48.8	RCP Average	45.7	--	Obama +3.1	CO
9/25 - 9/27	2.8	49.0	WeAskAmerica	46.0	1273 LV	Obama +3	CO
9/21 - 9/22	3.4	50.0	Gravis Marketing	46.0	765 LV	Obama +4	CO
9/20 - 9/23	3.2	51.0	PPP (D)	45.0	940 LV	Obama +6	CO
9/15 - 9/19	4.0	48.0	Purple Strategies	45.0	600 LV	Obama +3	CO
9/17 - 9/17	4.5	45.0	Rasmussen Reports	47.0	500 LV	Romney +2	CO
9/16 - 9/18	3.1	50.0	NBC/WSJ/Marist	45.0	971 LV	Obama +5	CO
9/11 - 9/17	3.0	48.0	CBS/NYT/Quinnipiac	47.0	1497 LV	Obama +1	CO
9/10 - 9/12	4.0	49.0	ARG	47.0	600 LV	Obama +2	CO
9/9 - 9/12	4.0	47.0	Denver Post/SurveyUSA	46.0	615 LV	Obama +1	CO
9/10 - 9/11	4.4	49.0	Project New America/Keating (D)	44.0	503 LV	Obama +5	CO
8/31 - 9/2	3.1	49.0	PPP (D)	46.0	1001 LV	Obama +3	CO
8/21 - 8/22	4.4	48.0	Keating (D)	44.0	500 LV	Obama +4	CO
8/13 - 8/14	4.0	49.0	Purple Strategies	46.0	600 LV	Obama +3	CO
8/9 - 8/9	4.0	45.0	Gravis Marketing	46.0	607 LV	Romney +1	CO
8/6 - 8/6	4.5	47.0	Rasmussen Reports	47.0	500 LV	Tie	CO
7/31 - 8/6	3.0	45.0	CBS/NYT/Quinnipiac	50.0	1463 LV	Romney +5	CO
8/2 - 8/5	3.5	49.0	PPP (D)	43.0	779 LV	Obama +6	CO
7/9 - 7/13	4.0	45.0	Purple Strategies	44.0	600 LV	Obama +1	CO
6/25 - 6/25	3.0	47.0	WeAskAmerica	43.0	1083 LV	Obama +4	CO
6/14 - 6/17	3.5	49.0	PPP (D)	42.0	799 RV	Obama +7	CO
6/6 - 6/6	4.5	45.0	Rasmussen Reports	45.0	500 LV	Tie	CO
5/31 - 6/5	4.0	48.0	Purple Strategies	46.0	600 LV	Obama +2	CO
5/22 - 5/24	3.0	46.0	NBC News/Marist	45.0	1030 RV	Obama +1	CO
5/21 - 5/24	4.0	48.0	Project New America/Keating (D)	44.0	601 LV	Obama +4	CO
4/19 - 4/23	4.1	47.0	Purple Strategies	47.0	600 LV	Tie	CO
4/5 - 4/7	4.2	53.0	PPP (D)	40.0	542 RV	Obama +13	CO
12/1 - 12/4	3.5	47.0	PPP (D)	45.0	793 RV	Obama +2	CO
8/4 - 8/7	4.3	48.0	PPP (D)	41.0	510 RV	Obama +7	CO
2/4 - 2/6	4.3	47.0	PPP (D)	41.0	517 RV	Obama +6	CO
9/6 - 9/17	--	56.0	RCP Average	36.0	--	Obama +20.0	CA
9/9 - 9/16	4.4	53.0	PPIC	39.0	995 LV	Obama +14	CA
9/6 - 9/17	3.4	58.0	Field	34.0	891 LV	Obama +24	CA
9/9 - 9/11	4.3	57.0	SurveyUSA	35.0	524 LV	Obama +22	CA
6/21 - 7/2	3.4	55.0	Field	37.0	848 LV	Obama +18	CA
5/27 - 5/29	2.5	57.0	SurveyUSA	36.0	1575 RV	Obama +21	CA
5/21 - 5/29	3.8	48.0	Field	32.0	710 RV	Obama +16	CA
5/17 - 5/21	3.5	56.0	LA Times/USC	37.0	1002 RV	Obama +19	CA
5/14 - 5/20	4.2	50.0	PPIC	39.0	894 LV	Obama +11	CA
3/29 - 4/2	2.2	62.0	SurveyUSA	31.0	1995 RV	Obama +31	CA
3/14 - 3/19	2.9	57.0	LA Times/USC	36.0	1500 RV	Obama +21	CA
2/8 - 2/16	4.5	57.0	Rasmussen Reports	35.0	500 LV	Obama +22	CA
2/2 - 2/18	3.1	55.0	Field	35.0	1003 RV	Obama +20	CA
2/8 - 2/9	2.1	60.0	SurveyUSA	31.0	2088 RV	Obama +29	CA
11/15 - 11/27	3.1	50.0	Field	40.0	1000 RV	Obama +10	CA
11/10 - 11/13	4.4	57.0	PPP (D)	36.0	500 RV	Obama +21	CA
11/10 - 11/10	3.5	50.0	SurveyUSA	39.0	800 A	Obama +11	CA
10/30 - 11/9	2.5	52.0	LA Times/USC	35.0	1500 RV	Obama +17	CA
9/1 - 9/12	3.2	51.0	Field	38.0	1001 RV	Obama +13	CA
8/17 - 8/28	--	54.0	LA Times/USC	35.0	1408 RV	Obama +19	CA
1/28 - 1/30	3.3	56.0	PPP (D)	36.0	892 RV	Obama +20	CA
5/10 - 9/18	--	39.0	RCP Average	52.3	--	Romney +13.3	GA
9/18 - 9/18	4.5	35.0	InsiderAdvantage	56.0	483 LV	Romney +21	GA
7/29 - 7/29	2.9	42.0	SurveyUSA	50.0	1169 LV	Romney +8	GA
7/24 - 7/24	4.0	41.0	InsiderAdvantage	50.0	591 LV	Romney +9	GA
5/22 - 5/22	5.0	40.0	InsiderAdvantage	52.0	438 LV	Romney +12	GA
5/10 - 5/10	4.0	40.0	Landmark/Rosetta Stone	51.0	600 RV	Romney +11	GA
2/23 - 2/26	2.9	42.0	SurveyUSA	49.0	1156 RV	Romney +7	GA
2/1 - 2/2	3.0	43.0	SurveyUSA	51.0	1144 RV	Romney +8	GA
12/12 - 12/14	4.0	38.0	Mason-Dixon	55.0	625 RV	Romney +17	GA
12/6 - 12/7	2.9	42.0	SurveyUSA	49.0	1176 RV	Romney +7	GA
3/31 - 4/3	3.5	43.0	PPP (D)	46.0	790 RV	Romney +3	GA
8/22 - 9/26	--	53.0	RCP Average	39.3	--	Obama +13.7	CT
9/24 - 9/26	3.5	54.0	PPP (D)	41.0	801 LV	Obama +13	CT
9/11 - 9/16	4.4	53.0	Hartford Courant/UConn	32.0	508 LV	Obama +21	CT
8/22 - 8/26	2.6	52.0	Quinnipiac	45.0	1472 LV	Obama +7	CT
8/22 - 8/23	3.3	53.0	PPP (D)	40.0	881 RV	Obama +13	CT
8/21 - 8/21	4.5	51.0	Rasmussen Reports	43.0	500 LV	Obama +8	CT
7/26 - 7/29	3.5	51.0	PPP (D)	43.0	771 LV	Obama +8	CT
5/29 - 6/3	2.6	50.0	Quinnipiac	38.0	1408 RV	Obama +12	CT
3/14 - 3/19	2.4	53.0	Quinnipiac	37.0	1622 RV	Obama +16	CT
9/22 - 9/25	4.0	47.0	PPP (D)	45.0	592 RV	Obama +2	CT
9/8 - 9/13	2.8	49.0	Quinnipiac	36.0	1230 RV	Obama +13	CT
7/26 - 8/14	4.4	29.0	Sooner Poll	58.0	495 LV	Romney +29	OK
5/7 - 5/10	4.4	27.0	Sooner Poll	62.0	504 LV	Romney +35	OK
9/19 - 9/30	--	49.3	RCP Average	43.8	--	Obama +5.5	OH
9/27 - 9/30	3.3	49.0	PPP (D)	45.0	897 LV	Obama +4	OH
9/19 - 9/29	2.2	51.0	Columbus Dispatch*	42.0	1662 LV	Obama +9	OH
9/21 - 9/22	4.3	45.0	Gravis Marketing	44.0	594 LV	Obama +1	OH
9/19 - 9/23	4.5	52.0	Washington Post	44.0	759 LV	Obama +8	OH
9/18 - 9/24	3.0	53.0	CBS/NYT/Quinnipiac	43.0	1162 LV	Obama +10	OH
9/15 - 9/19	4.0	48.0	Purple Strategies	44.0	600 LV	Obama +4	OH
9/16 - 9/18	3.0	49.0	FOX News	42.0	1009 LV	Obama +7	OH
9/13 - 9/18	3.3	51.0	Ohio Newspapers/Univ of Cin.	46.0	861 LV	Obama +5	OH
9/13 - 9/15	4.0	47.0	Caddell/McLaughlin/SAN (R)	44.0	600 LV	Obama +3	OH
9/12 - 9/12	4.5	47.0	Rasmussen Reports	46.0	500 LV	Obama +1	OH
9/10 - 9/12	4.0	48.0	ARG	47.0	600 LV	Obama +1	OH
9/9 - 9/11	3.1	50.0	NBC/WSJ/Marist	43.0	979 LV	Obama +7	OH
9/7 - 9/9	3.0	50.0	PPP (D)	45.0	1072 LV	Obama +5	OH
9/7 - 9/8	2.7	47.0	Gravis Marketing	43.0	1548 LV	Obama +4	OH
9/2 - 9/2	2.9	44.0	Gravis Marketing	47.0	1381 RV	Romney +3	OH
8/27 - 8/27	3.0	45.0	Gravis Marketing	44.0	1397 RV	Obama +1	OH
8/15 - 8/25	2.1	45.0	Columbus Dispatch*	45.0	1758 LV	Tie	OH
8/16 - 8/21	3.4	49.0	Ohio Poll/Univ of Cin.	46.0	847 LV	Obama +3	OH
8/15 - 8/21	3.0	50.0	CBS/NYT/Quinnipiac	44.0	1253 LV	Obama +6	OH
8/13 - 8/14	4.0	44.0	Purple Strategies	46.0	600 LV	Romney +2	OH
8/13 - 8/13	4.5	45.0	Rasmussen Reports	45.0	500 LV	Tie	OH
8/9 - 8/12	3.2	48.0	PPP (D)	45.0	961 LV	Obama +3	OH
7/24 - 7/30	3.0	50.0	CBS/NYT/Quinnipiac	44.0	1193 LV	Obama +6	OH
7/24 - 7/24	3.0	48.0	WeAskAmerica*	40.0	1115 LV	Obama +8	OH
7/18 - 7/18	4.5	47.0	Rasmussen Reports	45.0	500 LV	Obama +2	OH
7/9 - 7/13	4.0	48.0	Purple Strategies	45.0	600 LV	Obama +3	OH
6/19 - 6/25	2.8	47.0	Quinnipiac	38.0	1237 RV	Obama +9	OH
6/21 - 6/24	3.8	47.0	PPP (D)	44.0	673 RV	Obama +3	OH
5/31 - 6/5	4.0	45.0	Purple Strategies	48.0	600 LV	Romney +3	OH
5/29 - 5/29	4.5	44.0	Rasmussen Reports	46.0	500 LV	Romney +2	OH
5/17 - 5/20	3.0	48.0	NBC News/Marist	42.0	1103 RV	Obama +6	OH
5/2 - 5/7	3.0	45.0	Quinnipiac	44.0	1069 RV	Obama +1	OH
5/3 - 5/6	3.3	50.0	PPP (D)	43.0	875 RV	Obama +7	OH
4/25 - 5/1	2.9	44.0	Quinnipiac	42.0	1130 RV	Obama +2	OH
4/19 - 4/23	4.1	49.0	Purple Strategies	44.0	600 LV	Obama +5	OH
4/18 - 4/18	4.5	46.0	Rasmussen Reports	42.0	500 LV	Obama +4	OH
4/15 - 4/17	4.0	45.0	FOX News	39.0	606 RV	Obama +6	OH
3/26 - 3/26	4.5	48.0	Rasmussen Reports	40.0	500 LV	Obama +8	OH
3/20 - 3/26	2.8	47.0	Quinnipiac	41.0	1246 RV	Obama +6	OH
2/29 - 3/2	2.5	50.0	NBC News/Marist	38.0	1573 RV	Obama +12	OH
2/11 - 2/13	4.5	38.0	FOX News	44.0	505 RV	Romney +6	OH
2/7 - 2/12	2.6	46.0	Quinnipiac	44.0	1421 RV	Obama +2	OH
2/8 - 2/8	4.5	45.0	Rasmussen Reports	41.0	500 LV	Obama +4	OH
1/28 - 1/29	3.4	49.0	PPP (D)	42.0	820 RV	Obama +7	OH
1/9 - 1/16	2.4	44.0	Quinnipiac	42.0	1610 RV	Obama +2	OH
11/28 - 12/5	2.6	42.0	Quinnipiac	43.0	1437 RV	Romney +1	OH
11/4 - 11/6	3.1	50.0	PPP (D)	41.0	1022 LV	Obama +9	OH
10/31 - 11/7	2.7	45.0	Quinnipiac	42.0	1312 RV	Obama +3	OH
10/17 - 10/23	2.4	45.0	Quinnipiac	41.0	1668 RV	Obama +4	OH
10/13 - 10/16	4.1	46.0	PPP (D)	46.0	581 RV	Tie	OH
9/20 - 9/25	2.7	44.0	Quinnipiac	42.0	1301 RV	Obama +2	OH
8/11 - 8/14	3.5	45.0	PPP (D)	43.0	792 RV	Obama +2	OH
7/12 - 7/18	2.4	45.0	Quinnipiac	41.0	1659 RV	Obama +4	OH
5/19 - 5/22	4.1	46.0	PPP (D)	42.0	565 RV	Obama +4	OH
3/10 - 3/13	4.1	46.0	PPP (D)	40.0	559 RV	Obama +6	OH
12/10 - 12/12	4.3	44.0	PPP (D)	42.0	510 RV	Obama +2	OH
9/9 - 9/19	--	48.8	RCP Average	44.7	--	Obama +4.1	OH
9/13 - 9/18	3.3	51.0	Ohio Poll/Univ of Cin.	46.0	861 LV	Obama +5	OH
11/18 - 11/21	4.4	39.0	SurveyUSA	48.0	510 RV	Romney +9	KS
11/10 - 11/10	3.5	31.0	SurveyUSA	56.0	800 A	Romney +25	KS
12/4 - 12/6	2.1	45.0	NBC News/Marist	42.0	2107 RV	Obama +3	SC
10/11 - 10/13	2.1	40.0	NBC News/Marist	46.0	2131 RV	Romney +6	SC
8/25 - 8/28	4.0	38.0	PPP (D)	53.0	587 RV	Romney +15	SC
6/2 - 6/5	3.6	41.0	PPP (D)	50.0	741 RV	Romney +9	SC
1/28 - 1/30	2.9	42.0	PPP (D)	49.0	1167 RV	Romney +7	SC
9/11 - 9/13	4.1	39.0	Courier-Journal/SurveyUSA	53.0	606 LV	Romney +14	KY
6/21 - 9/13	--	50.0	RCP Average	41.5	--	Obama +8.5	OR
9/10 - 9/13	4.3	50.0	SurveyUSA	41.0	552 LV	Obama +9	OR
6/21 - 6/24	3.7	50.0	PPP (D)	42.0	686 RV	Obama +8	OR
5/7 - 5/10	2.6	47.0	SurveyUSA	43.0	1468 RV	Obama +4	OR
3/14 - 3/19	2.5	50.0	SurveyUSA	39.0	1615 RV	Obama +11	OR
11/18 - 11/21	4.4	48.0	SurveyUSA	40.0	528 RV	Obama +8	OR
6/19 - 6/21	3.7	50.0	PPP (D)	38.0	701 RV	Obama +12	OR
1/28 - 1/30	3.0	40.0	PPP (D)	46.0	1045 RV	Romney +6	SD
10/13 - 10/16	4.1	59.0	PPP (D)	32.0	568 RV	Obama +27	HI
9/9 - 9/11	3.1	40.0	WPA	55.0	1000 LV	Romney +15	TX
4/19 - 4/22	4.0	43.0	PPP (D)	50.0	591 RV	Romney +7	TX
1/12 - 1/15	3.7	42.0	PPP (D)	49.0	700 RV	Romney +7	TX
9/15 - 9/18	4.1	41.0	PPP (D)	47.0	569 RV	Romney +6	TX
6/25 - 6/27	3.5	42.0	PPP (D)	50.0	795 RV	Romney +8	TX
1/14 - 1/16	3.3	42.0	PPP (D)	49.0	892 RV	Romney +7	TX
10/5 - 10/7	4.0	37.0	Clarus Research	53.0	602 LV	Romney +16	LA
5/2 - 5/9	--	40.0	Tennessean/Vanderbilt	47.0	RV	Romney +7	TN
2/13 - 2/25	5.0	41.0	Middle Tn. State U.	47.0	416 LV	Romney +6	TN
2/16 - 2/22	3.0	39.0	Tennessean/Vanderbilt	42.0	1508 RV	Romney +3	TN
2/9 - 2/13	4.4	41.0	PPP (D)	48.0	500 RV	Romney +7	TN
9/18 - 9/26	--	50.2	RCP Average	42.2	--	Obama +8.0	PA
9/22 - 9/26	5.0	49.0	Morning Call	42.0	427 LV	Obama +7	PA
9/18 - 9/24	3.0	54.0	CBS/NYT/Quinnipiac	42.0	1162 LV	Obama +12	PA
9/18 - 9/23	4.9	52.0	Franklin & Marshall	43.0	392 LV	Obama +9	PA
9/18 - 9/20	3.5	47.0	Tribune-Review/Susquehanna	45.0	800 LV	Obama +2	PA
9/19 - 9/19	4.5	51.0	Rasmussen Reports	39.0	500 LV	Obama +12	PA
9/18 - 9/18	2.9	48.0	WeAskAmerica	42.0	1214 LV	Obama +6	PA
9/12 - 9/20	4.3	48.0	Mercyhurst University	40.0	522 LV	Obama +8	PA
9/10 - 9/16	4.0	50.0	Morning Call	41.0	640 LV	Obama +9	PA
9/9 - 9/12	4.0	50.0	Philadelphia Inquirer	39.0	600 LV	Obama +11	PA
8/21 - 8/23	4.0	51.0	Philadelphia Inquirer	42.0	601 LV	Obama +9	PA
8/20 - 8/22	5.0	49.0	Morning Call	40.0	422 LV	Obama +9	PA
8/7 - 8/12	3.8	47.0	Franklin & Marshall	42.0	681 RV	Obama +5	PA
7/24 - 7/30	3.0	53.0	CBS/NYT/Quinnipiac	42.0	1168 LV	Obama +11	PA
7/21 - 7/23	3.6	49.0	PPP (D)	43.0	758 RV	Obama +6	PA
7/18 - 7/18	4.5	48.0	Rasmussen Reports	44.0	500 LV	Obama +4	PA
7/9 - 7/10	2.8	47.0	WeAskAmerica	40.0	1227 LV	Obama +7	PA
6/19 - 6/25	2.8	45.0	Quinnipiac	39.0	1252 RV	Obama +6	PA
6/5 - 6/10	3.1	46.0	Quinnipiac	40.0	997 RV	Obama +6	PA
5/29 - 6/4	4.8	48.0	Franklin & Marshall	36.0	412 RV	Obama +12	PA
5/21 - 5/21	4.5	47.0	Rasmussen Reports	41.0	500 LV	Obama +6	PA
5/17 - 5/20	3.8	50.0	PPP (D)	42.0	671 RV	Obama +8	PA
4/25 - 5/1	2.9	47.0	Quinnipiac	39.0	1168 RV	Obama +8	PA
3/23 - 4/1	5.0	45.0	Morning Call	40.0	492 RV	Obama +5	PA
3/20 - 3/26	2.8	45.0	Quinnipiac	42.0	1232 RV	Obama +3	PA
3/7 - 3/12	2.8	46.0	Quinnipiac	40.0	1256 RV	Obama +6	PA
3/8 - 3/11	3.7	49.0	PPP (D)	42.0	689 RV	Obama +7	PA
2/15 - 2/21	4.0	48.0	Morning Call	37.0	625 RV	Obama +11	PA
2/14 - 2/20	4.0	41.0	Franklin & Marshall	33.0	592 RV	Obama +8	PA
2/8 - 2/23	4.5	45.0	Rasmussen Reports	44.0	438 LV	Obama +1	PA
2/2 - 2/6	3.5	43.0	Tribune-Review/Susquehanna	45.0	800 RV	Romney +2	PA
11/28 - 12/7	5.0	45.0	Morning Call	41.0	422 RV	Obama +4	PA
11/28 - 12/5	2.6	46.0	Quinnipiac	43.0	1453 RV	Obama +3	PA
11/17 - 11/20	4.4	45.0	PPP (D)	45.0	500 RV	Tie	PA
11/10 - 11/10	3.5	44.0	SurveyUSA	44.0	800 A	Tie	PA
10/31 - 11/7	2.6	44.0	Quinnipiac	43.0	1436 RV	Obama +1	PA
10/24 - 10/30	4.8	35.0	Franklin & Marshall	26.0	419 RV	Obama +9	PA
9/21 - 9/26	2.7	45.0	Quinnipiac	43.0	1370 RV	Obama +2	PA
9/12 - 9/14	3.7	50.0	Magellan Strategies (R)	40.0	702 LV	Obama +10	PA
8/22 - 8/29	4.9	36.0	Franklin & Marshall	30.0	407 RV	Obama +6	PA
7/25 - 7/31	2.7	42.0	Quinnipiac	44.0	1358 RV	Romney +2	PA
6/30 - 7/5	4.2	44.0	PPP (D)	44.0	545 RV	Tie	PA
6/7 - 6/12	2.7	47.0	Quinnipiac	40.0	1277 RV	Obama +7	PA
4/7 - 4/10	4.0	42.0	PPP (D)	43.0	593 RV	Romney +1	PA
2/9 - 2/28	5.5	43.0	Morning Call	36.0	395 RV	Obama +7	PA
1/3 - 1/5	4.2	46.0	PPP (D)	42.0	547 RV	Obama +4	PA
9/17 - 9/28	--	48.0	RCP Average	44.3	--	Obama +3.7	VA
9/24 - 9/27	4.0	49.0	ARG	47.0	600 LV	Obama +2	VA
9/24 - 9/26	4.0	46.0	Suffolk/WWBT	44.0	600 LV	Obama +2	VA
9/19 - 9/28	4.0	48.0	Roanoke College	40.0	589 LV	Obama +8	VA
9/17 - 9/17	2.8	49.0	WeAskAmerica	46.0	1238 LV	Obama +3	VA
9/15 - 9/19	4.0	46.0	Purple Strategies	43.0	600 LV	Obama +3	VA
9/16 - 9/18	3.0	50.0	FOX News	43.0	1006 LV	Obama +7	VA
9/13 - 9/16	3.1	51.0	PPP (D)	46.0	1021 LV	Obama +5	VA
9/11 - 9/17	3.0	50.0	CBS/NYT/Quinnipiac	46.0	1474 LV	Obama +4	VA
9/13 - 9/13	4.5	49.0	Rasmussen Reports	48.0	500 LV	Obama +1	VA
9/12 - 9/16	4.0	52.0	Washington Post	44.0	847 LV	Obama +8	VA
9/9 - 9/11	3.1	49.0	NBC/WSJ/Marist	44.0	996 LV	Obama +5	VA
9/8 - 9/9	2.2	44.0	Gravis Marketing	49.0	2238 LV	Romney +5	VA
8/23 - 8/23	4.5	47.0	Rasmussen Reports	47.0	500 LV	Tie	VA
8/16 - 8/19	3.4	50.0	PPP (D)	45.0	855 LV	Obama +5	VA
8/13 - 8/14	4.0	45.0	Purple Strategies	48.0	600 LV	Romney +3	VA
8/7 - 8/7	4.5	48.0	Rasmussen Reports	46.0	500 LV	Obama +2	VA
7/31 - 8/6	3.0	49.0	CBS/NYT/Quinnipiac	45.0	1412 LV	Obama +4	VA
7/16 - 7/17	4.5	47.0	Rasmussen Reports	46.0	500 LV	Obama +1	VA
7/10 - 7/16	2.4	44.0	Quinnipiac	44.0	1673 RV	Tie	VA
7/9 - 7/13	4.0	46.0	Purple Strategies	44.0	600 LV	Obama +2	VA
7/5 - 7/8	3.9	50.0	PPP (D)	42.0	647 RV	Obama +8	VA
6/25 - 6/25	3.0	43.0	WeAskAmerica	48.0	1106 LV	Romney +5	VA
6/3 - 6/3	4.5	47.0	Rasmussen Reports	47.0	500 LV	Tie	VA
5/31 - 6/5	4.0	49.0	Purple Strategies	46.0	600 LV	Obama +3	VA
5/30 - 6/4	2.7	47.0	Quinnipiac	42.0	1282 RV	Obama +5	VA
5/16 - 6/15	3.5	49.0	Virginian-Pilot/ODU	42.0	776 RV	Obama +7	VA
5/17 - 5/20	3.0	48.0	NBC News/Marist	44.0	1076 RV	Obama +4	VA
4/28 - 5/2	4.0	51.0	Washington Post	44.0	964 RV	Obama +7	VA
4/26 - 4/29	3.8	51.0	PPP (D)	43.0	680 RV	Obama +8	VA
4/23 - 4/23	4.5	44.0	Rasmussen Reports	45.0	500 LV	Romney +1	VA
4/19 - 4/23	4.1	48.0	Purple Strategies	46.0	600 LV	Obama +2	VA
3/26 - 4/5	4.2	41.0	Roanoke College	46.0	537 RV	Romney +5	VA
3/20 - 3/20	4.5	51.0	Rasmussen Reports	42.0	500 LV	Obama +9	VA
3/13 - 3/18	3.1	50.0	Quinnipiac	42.0	1034 RV	Obama +8	VA
2/29 - 3/2	2.8	52.0	NBC News/Marist	35.0	1273 RV	Obama +17	VA
2/13 - 2/26	4.0	42.0	Roanoke College	43.0	607 A	Romney +1	VA
2/21 - 2/21	4.5	49.0	Rasmussen Reports	43.0	500 LV	Obama +6	VA
2/4 - 2/13	3.1	43.0	CNU/Times-Dispatch	46.0	1018 RV	Romney +3	VA
2/1 - 2/6	2.5	47.0	Quinnipiac	43.0	1544 RV	Obama +4	VA
1/16 - 1/18	3.9	45.0	Mason-Dixon	44.0	625 LV	Obama +1	VA
12/13 - 12/19	2.9	42.0	Quinnipiac	44.0	1135 RV	Romney +2	VA
12/11 - 12/13	4.0	48.0	PPP (D)	42.0	600 RV	Obama +6	VA
10/3 - 10/9	2.6	44.0	Quinnipiac	45.0	1459 RV	Romney +1	VA
10/3 - 10/8	3.1	42.0	CNU/Times-Dispatch	46.0	1027 RV	Romney +4	VA
9/28 - 9/28	4.5	45.0	Rasmussen Reports	46.0	500 LV	Romney +1	VA
9/6 - 9/17	4.0	37.0	Roanoke College	45.0	601 LV	Romney +8	VA
9/7 - 9/12	2.7	42.0	Quinnipiac	44.0	1368 RV	Romney +2	VA
7/21 - 7/24	4.4	47.0	PPP (D)	43.0	500 RV	Obama +4	VA
5/5 - 5/8	4.2	51.0	PPP (D)	40.0	547 RV	Obama +11	VA
4/28 - 5/4	3.5	50.0	Washington Post	44.0	1040 RV	Obama +6	VA
2/24 - 2/27	3.5	48.0	PPP (D)	42.0	524 RV	Obama +6	VA
11/10 - 11/13	4.2	48.0	PPP (D)	43.0	551 RV	Obama +5	VA
9/17 - 9/17	2.0	35.0	Talk Business Poll	56.0	2228 LV	Romney +21	AR
3/26 - 3/26	3.6	33.0	Talk Business Poll	57.0	759 LV	Romney +24	AR
9/15 - 9/15	2.1	34.0	Talk Business Poll	50.0	2101 RV	Romney +16	AR
8/11 - 8/21	4.5	62.0	Castleton State College	25.0	477 RV	Obama +37	VT
5/7 - 5/16	4.0	59.0	Castleton State College	28.0	607 RV	Obama +31	VT
2/11 - 2/22	3.5	58.0	Castleton State College	33.0	800 RV	Obama +25	VT
7/28 - 7/31	2.8	54.0	PPP (D)	34.0	1233 RV	Obama +20	VT
9/4 - 9/10	--	50.5	RCP Average	35.5	--	Obama +15.0	IL
9/4 - 9/10	2.8	47.0	The Simon Poll/SIU	34.0	1261 RV	Obama +13	IL
9/5 - 9/5	2.8	54.0	WeAskAmerica	37.0	1382 LV	Obama +17	IL
2/2 - 2/6	4.0	56.0	Chicago Tribune	35.0	600 RV	Obama +21	IL
10/11 - 10/16	3.0	46.0	The Simon Poll/SIU	39.0	1000 RV	Obama +7	IL
9/28 - 9/28	2.3	50.0	FOX Chicago/WAA	35.0	1815 RV	Obama +15	IL
9/19 - 9/23	3.5	40.0	Howey/DePauw	52.0	800 LV	Romney +12	IN
7/31 - 8/1	5.0	35.0	Rasmussen Reports	51.0	400 LV	Romney +16	IN
3/26 - 3/27	4.5	40.0	Howey/DePauw	49.0	503 LV	Romney +9	IN
9/23 - 9/27	--	48.5	RCP Average	45.0	--	Obama +3.5	IA
9/25 - 9/27	2.8	48.0	WeAskAmerica	44.0	1273 LV	Obama +4	IA
9/23 - 9/26	3.8	49.0	Des Moines Register	45.0	650 LV	Obama +4	IA
9/24 - 9/26	3.6	51.0	PPP (D)	44.0	754 LV	Obama +7	IA
9/23 - 9/25	4.4	46.0	Voter/Consumer Res/TIR (R)	47.0	500 RV	Romney +1	IA
9/20 - 9/23	4.0	51.0	ARG	44.0	600 LV	Obama +7	IA
9/19 - 9/19	4.5	44.0	Rasmussen Reports	47.0	500 LV	Romney +3	IA
9/16 - 9/18	3.3	50.0	NBC/WSJ/Marist	42.0	898 LV	Obama +8	IA
8/23 - 8/26	2.8	47.0	PPP (D)	45.0	1244 LV	Obama +2	IA
8/8 - 8/8	4.5	44.0	Rasmussen Reports	46.0	500 LV	Romney +2	IA
7/12 - 7/15	2.9	48.0	PPP (D)	43.0	1131 RV	Obama +5	IA
6/18 - 6/18	3.0	45.0	WeAskAmerica	44.0	1086 LV	Obama +1	IA
6/11 - 6/11	4.5	46.0	Rasmussen Reports	47.0	500 LV	Romney +1	IA
5/22 - 5/24	3.0	44.0	NBC News/Marist	44.0	1106 RV	Tie	IA
5/3 - 5/6	2.9	51.0	PPP (D)	41.0	1181 RV	Obama +10	IA
2/12 - 2/15	4.0	44.0	Des Moines Register	46.0	611 LV	Romney +2	IA
11/27 - 11/29	2.5	46.0	NBC News/Marist	39.0	1503 RV	Obama +7	IA
10/7 - 10/10	3.6	46.0	PPP (D)	42.0	749 RV	Obama +4	IA
10/3 - 10/5	1.8	43.0	NBC News/Marist	40.0	2836 RV	Obama +3	IA
8/19 - 8/21	3.5	49.0	PPP (D)	39.0	798 RV	Obama +10	IA
7/5 - 7/7	3.9	44.0	Mason-Dixon	47.0	629 LV	Romney +3	IA
5/27 - 5/30	2.6	49.0	PPP (D)	40.0	1387 RV	Obama +9	IA
4/15 - 4/17	2.9	45.0	PPP (D)	41.0	1109 RV	Obama +4	IA
1/7 - 1/9	3.0	47.0	PPP (D)	41.0	1077 RV	Obama +6	IA
9/15 - 9/26	--	43.0	RCP Average	48.7	--	Romney +5.7	AZ
9/25 - 9/26	4.0	42.0	HighGround/Moore (R)*	46.0	500 LV	Romney +4	AZ
9/25 - 9/25	4.5	42.0	Rasmussen Reports	52.0	500 LV	Romney +10	AZ
9/15 - 9/19	4.0	45.0	Purple Strategies	48.0	600 LV	Romney +3	AZ
9/7 - 9/9	3.1	44.0	PPP (D)	53.0	993 LV	Romney +9	AZ
7/23 - 7/25	3.4	41.0	PPP (D)	52.0	833 RV	Romney +11	AZ
6/26 - 6/26	4.5	41.0	Rasmussen Reports	54.0	500 LV	Romney +13	AZ
6/4 - 6/5	3.5	46.0	Project New America/PPP (D)	49.0	791 LV	Romney +3	AZ
5/17 - 5/20	4.4	43.0	PPP (D)	50.0	500 RV	Romney +7	AZ
4/30 - 5/2	3.3	43.0	Magellan (R)	52.0	909 LV	Romney +9	AZ
4/10 - 4/20	4.4	40.0	Arizona State	42.0	488 RV	Romney +2	AZ
4/9 - 4/17	4.4	42.0	Behavior Research Center	40.0	511 RV	Obama +2	AZ
3/13 - 3/13	4.5	40.0	Rasmussen Reports	51.0	500 LV	Romney +11	AZ
2/19 - 2/20	2.8	40.0	NBC News/Marist	45.0	1265 RV	Romney +5	AZ
2/17 - 2/19	3.6	47.0	PPP (D)	47.0	743 RV	Tie	AZ
1/5 - 1/9	4.3	37.0	Behavior Research Center	43.0	553 RV	Romney +6	AZ
11/17 - 11/20	4.4	42.0	PPP (D)	49.0	500 RV	Romney +7	AZ
10/13 - 10/24	4.1	45.0	Behavior Research Center	40.0	581 RV	Obama +5	AZ
4/28 - 5/1	3.9	44.0	PPP (D)	48.0	623 RV	Romney +4	AZ
1/28 - 1/30	4.0	43.0	PPP (D)	49.0	599 RV	Romney +6	AZ
9/18 - 9/21	3.9	43.0	PPP (D)	50.0	617 RV	Romney +7	AZ
9/12 - 9/25	--	53.3	RCP Average	38.0	--	Obama +15.3	ME
9/25 - 9/25	4.5	52.0	Rasmussen Reports	40.0	500 LV	Obama +12	ME
9/17 - 9/18	3.5	55.0	PPP (D)	39.0	804 LV	Obama +16	ME
9/15 - 9/17	3.4	54.0	MPRC (D)*	37.0	856 LV	Obama +17	ME
9/12 - 9/16	4.0	52.0	Critical Insights	36.0	618 LV	Obama +16	ME
6/20 - 6/25	4.0	49.0	Critical Insights	35.0	615 RV	Obama +14	ME
6/13 - 6/14	4.4	48.0	WBUR/MassINC	34.0	506 LV	Obama +14	ME
5/2 - 5/7	4.0	50.0	Critical Insights	42.0	600 RV	Obama +8	ME
3/31 - 4/2	3.1	55.0	MPRC (D)	37.0	993 LV	Obama +18	ME
3/2 - 3/4	2.8	58.0	PPP (D)	35.0	1256 RV	Obama +23	ME
10/28 - 10/31	3.8	49.0	PPP (D)	38.0	673 RV	Obama +11	ME
10/18 - 10/23	4.0	41.0	Critical Insights	40.0	600 LV	Obama +1	ME
3/3 - 3/6	2.8	49.0	PPP (D)	41.0	1247 RV	Obama +8	ME
9/25 - 9/27	3.5	57.0	Baltimore Sun	34.0	804 LV	Obama +23	MD
9/17 - 9/23	3.5	55.0	Gonzales Research	36.0	813 LV	Obama +19	MD
5/14 - 5/21	3.4	58.0	PPP (D)	35.0	852 LV	Obama +23	MD
9/13 - 9/28	--	58.7	RCP Average	34.7	--	Obama +24.0	MA
9/26 - 9/28	4.4	60.0	WBUR/MassINC	32.0	504 LV	Obama +28	MA
9/21 - 9/27	4.4	57.0	Boston Globe	30.0	502 LV	Obama +27	MA
9/24 - 9/24	4.5	55.0	Rasmussen Reports	40.0	500 LV	Obama +15	MA
9/15 - 9/17	4.4	59.0	WBUR/MassINC	31.0	507 LV	Obama +28	MA
9/13 - 9/17	5.5	59.0	UMass/Boston Herald	36.0	497 LV	Obama +23	MA
9/13 - 9/16	4.0	64.0	Suffolk/7News	31.0	600 LV	Obama +33	MA
9/13 - 9/16	3.3	57.0	PPP (D)	39.0	876 LV	Obama +18	MA
9/6 - 9/13	4.6	60.0	Western NE University	38.0	444 LV	Obama +22	MA
8/16 - 8/19	2.9	55.0	PPP (D)	39.0	1115 LV	Obama +16	MA
6/22 - 6/24	3.3	55.0	PPP (D)	39.0	902 RV	Obama +16	MA
5/29 - 5/31	4.4	56.0	Western NE University	34.0	504 RV	Obama +22	MA
5/25 - 5/31	3.8	46.0	Boston Globe	34.0	651 LV	Obama +12	MA
5/20 - 5/22	4.0	59.0	Suffolk/7News	34.0	600 LV	Obama +25	MA
5/7 - 5/7	4.5	56.0	Rasmussen Reports	35.0	500 LV	Obama +21	MA
4/9 - 4/9	4.5	51.0	Rasmussen Reports	40.0	500 LV	Obama +11	MA
3/21 - 3/27	4.2	49.0	Boston Globe	33.0	544 LV	Obama +16	MA
3/16 - 3/18	3.2	58.0	PPP (D)	35.0	936 RV	Obama +23	MA
2/23 - 3/1	4.3	60.0	Western NE University	36.0	527 RV	Obama +24	MA
2/29 - 2/29	4.5	55.0	Rasmussen Reports	38.0	500 LV	Obama +17	MA
2/11 - 2/15	4.0	53.0	Suffolk/7News	39.0	600 LV	Obama +14	MA
2/6 - 2/9	4.4	55.0	WBUR/MassINC	34.0	503 LV	Obama +21	MA
1/31 - 2/4	4.4	53.0	Mass Insight/Opinion Dynamics	35.0	456 RV	Obama +18	MA
9/22 - 9/28	3.8	57.0	UMass/Boston Herald	33.0	1005 RV	Obama +24	MA
9/16 - 9/18	3.5	53.0	PPP (D)	40.0	791 RV	Obama +13	MA
6/2 - 6/5	3.2	57.0	PPP (D)	37.0	957 RV	Obama +20	MA
11/29 - 12/1	4.4	52.0	PPP (D)	43.0	500 RV	Obama +9	MA
6/15 - 6/21	2.8	26.0	Deseret News/KSL	68.0	1222 RV	Romney +42	UT
7/8 - 7/10	3.6	31.0	PPP (D)	63.0	732 RV	Romney +32	UT
4/26 - 4/28	5.0	22.0	Mason-Dixon	73.0	400 RV	Romney +51	UT
4/27 - 4/27	6.2	27.0	Deseret News	67.0	254 A	Romney +40	UT
9/11 - 9/27	--	43.0	RCP Average	48.0	--	Romney +5.0	MO
9/25 - 9/27	2.9	45.0	WeAskAmerica	48.0	1145 LV	Romney +3	MO
9/16 - 9/17	2.3	39.0	Gravis Marketing*	48.0	1959 LV	Romney +9	MO
9/11 - 9/11	4.5	45.0	Rasmussen Reports	48.0	500 LV	Romney +3	MO
8/28 - 8/29	3.9	41.0	PPP (D)	53.0	621 LV	Romney +12	MO
8/22 - 8/23	4.0	43.0	Post-Dispatch/Mason-Dixon	50.0	625 LV	Romney +7	MO
8/22 - 8/22	4.5	47.0	Rasmussen Reports	46.0	500 LV	Obama +1	MO
8/20 - 8/20	4.4	42.0	PPP (D)	52.0	500 LV	Romney +10	MO
8/9 - 8/12	4.1	44.0	SurveyUSA	45.0	585 LV	Romney +1	MO
7/30 - 7/30	4.5	44.0	Rasmussen Reports	50.0	500 LV	Romney +6	MO
7/23 - 7/25	4.0	42.0	Post-Dispatch/Mason-Dixon*	51.0	625 LV	Romney +9	MO
7/24 - 7/24	3.0	40.0	WeAskAmerica*	49.0	1172 LV	Romney +9	MO
6/7 - 6/7	4.5	42.0	Rasmussen Reports	49.0	500 LV	Romney +7	MO
5/24 - 5/27	4.0	45.0	PPP (D)	44.0	602 RV	Obama +1	MO
4/17 - 4/17	4.5	45.0	Rasmussen Reports	48.0	500 LV	Romney +3	MO
3/14 - 3/15	4.5	41.0	Rasmussen Reports	50.0	500 LV	Romney +9	MO
1/27 - 1/29	4.1	45.0	PPP (D)	45.0	582 RV	Tie	MO
11/9 - 11/9	4.5	42.0	Rasmussen Reports	45.0	500 LV	Romney +3	MO
9/9 - 9/12	3.9	43.0	PPP (D)	47.0	632 RV	Romney +4	MO
4/28 - 5/1	3.9	43.0	PPP (D)	45.0	555 RV	Romney +2	MO
3/3 - 3/6	4.0	43.0	PPP (D)	44.0	612 RV	Romney +1	MO
11/29 - 12/1	4.3	41.0	PPP (D)	47.0	515 RV	Romney +6	MO
9/6 - 9/19	--	49.7	RCP Average	41.3	--	Obama +8.4	MN
9/17 - 9/19	3.5	48.0	Star Tribune/Mason-Dixon*	40.0	800 LV	Obama +8	MN
9/10 - 9/11	3.4	51.0	PPP (D)	44.0	824 LV	Obama +7	MN
9/6 - 9/9	4.3	50.0	KSTP/SurveyUSA	40.0	551 LV	Obama +10	MN
7/17 - 7/19	4.3	46.0	KSTP/SurveyUSA	40.0	552 LV	Obama +6	MN
5/31 - 6/3	3.1	54.0	PPP (D)	39.0	973 RV	Obama +15	MN
5/9 - 5/10	4.4	52.0	KSTP/SurveyUSA	38.0	516 RV	Obama +14	MN
1/31 - 2/2	4.3	49.0	KSTP/SurveyUSA	36.0	542 RV	Obama +13	MN
1/21 - 1/22	2.8	51.0	PPP (D)	41.0	1236 RV	Obama +10	MN
11/2 - 11/6	4.3	45.0	KSTP/SurveyUSA	39.0	543 RV	Obama +6	MN
10/17 - 10/26	5.0	45.0	St. Cloud State U.	39.0	626 A	Obama +6	MN
5/27 - 5/30	2.9	51.0	PPP (D)	36.0	1179 RV	Obama +15	MN
12/4 - 12/5	3.2	47.0	PPP (D)	42.0	949 RV	Obama +5	MN
9/14 - 9/27	--	52.0	RCP Average	42.0	--	Obama +10.0	MI
9/25 - 9/27	3.1	52.0	WeAskAmerica	40.0	1064 LV	Obama +12	MI
9/21 - 9/22	3.3	50.0	Gravis Marketing	46.0	804 LV	Obama +4	MI
9/20 - 9/20	4.5	54.0	Rasmussen Reports	42.0	500 LV	Obama +12	MI
9/15 - 9/17	4.0	52.0	Detroit News	38.0	600 LV	Obama +14	MI
9/14 - 9/18	3.5	52.0	CNN/Opinion Research	44.0	754 LV	Obama +8	MI
9/10 - 9/15	4.0	48.0	MRG	42.0	600 LV	Obama +6	MI
9/12 - 9/12	2.9	46.0	Baydoun/Foster (D)	44.0	1156 LV	Obama +2	MI
9/8 - 9/11	4.5	47.0	EPIC-MRA	37.0	600 LV	Obama +10	MI
8/31 - 9/2	3.4	51.0	PPP (D)	44.0	1001 LV	Obama +7	MI
8/28 - 8/28	2.6	49.0	EPIC-MRA	46.0	1200 LV	Obama +3	MI
8/23 - 8/23	2.7	47.0	Mitchell Research	47.0	1277 LV	Tie	MI
8/18 - 8/20	4.0	48.0	Detroit News	42.0	600 LV	Obama +6	MI
8/16 - 8/16	2.4	44.0	Baydoun/Foster (D)	48.0	1733 LV	Romney +4	MI
8/13 - 8/13	3.0	49.0	Mitchell Research	44.0	1079 LV	Obama +5	MI
7/24 - 7/31	4.0	48.0	EPIC-MRA	42.0	600 LV	Obama +6	MI
7/23 - 7/23	4.5	48.0	Rasmussen Reports	42.0	500 LV	Obama +6	MI
7/23 - 7/23	3.4	44.0	Mitchell Research	45.0	825 LV	Romney +1	MI
7/21 - 7/23	4.1	53.0	PPP (D)	39.0	579 RV	Obama +14	MI
6/24 - 6/25	3.0	47.0	NBC News/Marist	43.0	1078 RV	Obama +4	MI
6/18 - 6/18	3.6	47.0	Mitchell Research	46.0	750 LV	Obama +1	MI
6/18 - 6/18	3.1	43.0	WeAskAmerica	45.0	1010 LV	Romney +2	MI
6/14 - 6/14	4.5	50.0	Rasmussen Reports	42.0	500 LV	Obama +8	MI
6/12 - 6/12	2.3	47.0	Baydoun/Foster (D)	46.0	1783 LV	Obama +1	MI
6/2 - 6/5	4.0	45.0	EPIC-MRA	46.0	600 LV	Romney +1	MI
5/24 - 5/27	4.4	53.0	PPP (D)	39.0	500 RV	Obama +14	MI
5/10 - 5/11	4.0	45.0	Glengariff Group (R)	40.0	600 LV	Obama +5	MI
3/31 - 4/3	4.0	47.0	EPIC-MRA	43.0	600 LV	Obama +4	MI
3/14 - 3/19	4.0	49.0	MRG	42.0	600 LV	Obama +7	MI
2/19 - 2/20	2.5	51.0	NBC News/Marist	33.0	1546 RV	Obama +18	MI
2/10 - 2/12	4.1	54.0	PPP (D)	38.0	560 RV	Obama +16	MI
1/21 - 1/25	4.0	48.0	EPIC-MRA	40.0	600 LV	Obama +8	MI
11/13 - 11/16	4.0	41.0	EPIC-MRA	46.0	600 LV	Romney +5	MI
10/12 - 10/14	4.5	50.0	SurveyUSA	39.0	500 RV	Obama +11	MI
9/14 - 9/19	4.0	44.0	Inside MI Politcs/MRG	44.0	600 LV	Tie	MI
7/21 - 7/24	4.0	47.0	PPP (D)	42.0	593 RV	Obama +5	MI
7/9 - 7/11	4.0	42.0	EPIC-MRA	46.0	600 LV	Romney +4	MI
3/18 - 3/20	4.4	48.0	PPP (D)	41.0	502 RV	Obama +7	MI
2/12 - 2/17	4.0	41.0	EPIC-MRA	46.0	600 LV	Romney +5	MI
12/3 - 12/6	2.8	47.0	PPP (D)	43.0	1224 RV	Obama +4	MI
8/20 - 9/19	--	41.7	RCP Average	52.0	--	Romney +10.3	MT
9/17 - 9/19	4.0	42.0	Mason-Dixon	51.0	625 LV	Romney +9	MT
9/10 - 9/11	3.8	45.0	PPP (D)	50.0	656 LV	Romney +5	MT
8/20 - 8/20	4.5	38.0	Rasmussen Reports	55.0	500 LV	Romney +17	MT
6/18 - 6/18	4.5	42.0	Rasmussen Reports	51.0	500 LV	Romney +9	MT
5/2 - 5/2	5.0	44.0	Rasmussen Reports	51.0	450 LV	Romney +7	MT
4/26 - 4/29	3.2	43.0	PPP (D)	48.0	934 RV	Romney +5	MT
4/2 - 4/2	4.5	40.0	Rasmussen Reports	49.0	500 LV	Romney +9	MT
2/22 - 2/22	4.5	41.0	Rasmussen Reports	48.0	500 LV	Romney +7	MT
11/28 - 11/30	2.4	40.0	PPP (D)	50.0	1625 RV	Romney +10	MT
6/16 - 6/19	3.4	41.0	PPP (D)	49.0	819 RV	Romney +8	MT
11/10 - 11/13	2.9	39.0	PPP (D)	50.0	1176 RV	Romney +11	MT
11/4 - 11/6	3.5	36.0	PPP (D)	54.0	796 LV	Romney +18	MS
3/24 - 3/27	3.4	40.0	PPP (D)	46.0	817 RV	Romney +6	MS
